Carcel,Poligono con coordenadas
Penal Santa Mónica,-77.019896 -12.17337,-77.019171 -12.172693,-77.018152 -12.173726,-77.018903 -12.174392
Carceleta Palacio de Justicia,-77.035468 -12.057237,-77.034532 -12.05715,-77.034435 -12.058,-77.035369 -12.058097,-77.035393 -12.05796,-77.035393 -12.05796,-77.035304 -12.057386,-77.035449 -12.057381
